round,client,representativeness_score,agg_weight,nearest_client,nearest_similarity,farthest_client,farthest_similarity
1,drebin,0.669103,0.255042,malgenome,0.795948,drebin,1.000000
1,tuandromd,0.699999,0.347369,malgenome,0.821595,tuandromd,1.000000
1,kronodroid,0.491094,0.043006,tuandromd,0.525850,kronodroid,1.000000
1,malgenome,0.702055,0.354583,tuandromd,0.821595,malgenome,1.000000
2,kronodroid,0.609081,0.046605,tuandromd,0.646895,kronodroid,1.000000
2,tuandromd,0.814144,0.362249,malgenome,0.938980,tuandromd,1.000000
2,drebin,0.769775,0.232441,malgenome,0.886460,drebin,1.000000
2,malgenome,0.813161,0.358705,tuandromd,0.938980,malgenome,1.000000
3,malgenome,0.853007,0.338586,tuandromd,0.960370,malgenome,1.000000
3,tuandromd,0.857778,0.355129,malgenome,0.960370,tuandromd,1.000000
3,kronodroid,0.688767,0.065521,tuandromd,0.718584,kronodroid,1.000000
3,drebin,0.818911,0.240763,malgenome,0.906644,drebin,1.000000
4,tuandromd,0.890230,0.325638,malgenome,0.973775,tuandromd,1.000000
4,malgenome,0.893086,0.335070,tuandromd,0.973775,malgenome,1.000000
4,drebin,0.868007,0.260746,malgenome,0.951048,drebin,1.000000
4,kronodroid,0.748019,0.078545,tuandromd,0.766784,kronodroid,1.000000
5,kronodroid,0.783193,0.119336,malgenome,0.805824,kronodroid,1.000000
5,drebin,0.847664,0.227388,malgenome,0.914895,drebin,1.000000
5,malgenome,0.892149,0.354783,tuandromd,0.955727,malgenome,1.000000
5,tuandromd,0.874873,0.298493,malgenome,0.955727,tuandromd,1.000000
6,drebin,0.886270,0.270917,malgenome,0.963690,drebin,1.000000
6,kronodroid,0.780063,0.093667,malgenome,0.791220,kronodroid,1.000000
6,malgenome,0.906676,0.332245,tuandromd,0.965117,malgenome,1.000000
6,tuandromd,0.897518,0.303171,malgenome,0.965117,tuandromd,1.000000
7,kronodroid,0.826931,0.115240,malgenome,0.835040,kronodroid,1.000000
7,drebin,0.914580,0.276860,malgenome,0.975579,drebin,1.000000
7,malgenome,0.927485,0.314997,drebin,0.975579,malgenome,1.000000
7,tuandromd,0.920213,0.292903,malgenome,0.971836,tuandromd,1.000000
8,tuandromd,0.907938,0.279771,malgenome,0.963705,tuandromd,1.000000
8,kronodroid,0.818718,0.114637,malgenome,0.834597,kronodroid,1.000000
8,drebin,0.908572,0.281552,malgenome,0.969578,drebin,1.000000
8,malgenome,0.922627,0.324039,drebin,0.969578,malgenome,1.000000
9,malgenome,0.930795,0.321013,drebin,0.974159,malgenome,1.000000
9,drebin,0.915955,0.276742,malgenome,0.974159,drebin,1.000000
9,kronodroid,0.835394,0.123652,malgenome,0.848878,kronodroid,1.000000
9,tuandromd,0.916622,0.278593,malgenome,0.969348,tuandromd,1.000000
10,tuandromd,0.917829,0.281295,malgenome,0.974081,tuandromd,1.000000
10,kronodroid,0.832837,0.120239,malgenome,0.840792,kronodroid,1.000000
10,malgenome,0.930795,0.320240,drebin,0.977513,malgenome,1.000000
10,drebin,0.916732,0.278227,malgenome,0.977513,drebin,1.000000
1,drebin,0.669749,0.273755,malgenome,0.801122,drebin,1.000000
1,tuandromd,0.679640,0.302217,malgenome,0.801384,tuandromd,1.000000
1,kronodroid,0.501717,0.051004,tuandromd,0.517498,kronodroid,1.000000
1,malgenome,0.700690,0.373024,tuandromd,0.801384,malgenome,1.000000
2,tuandromd,0.831861,0.332898,malgenome,0.943401,tuandromd,1.000000
2,malgenome,0.834308,0.341145,tuandromd,0.943401,malgenome,1.000000
2,kronodroid,0.645006,0.051382,tuandromd,0.656723,kronodroid,1.000000
2,drebin,0.812599,0.274575,malgenome,0.911784,drebin,1.000000
3,tuandromd,0.847137,0.291716,malgenome,0.936614,tuandromd,1.000000
3,kronodroid,0.700042,0.067009,malgenome,0.708035,kronodroid,1.000000
3,malgenome,0.865186,0.349421,drebin,0.950910,malgenome,1.000000
3,drebin,0.847184,0.291854,malgenome,0.950910,drebin,1.000000
4,drebin,0.841374,0.244387,malgenome,0.920309,drebin,1.000000
4,tuandromd,0.868278,0.319830,malgenome,0.966500,tuandromd,1.000000
4,malgenome,0.877880,0.352064,tuandromd,0.966500,malgenome,1.000000
4,kronodroid,0.734245,0.083718,malgenome,0.746831,kronodroid,1.000000
5,drebin,0.886876,0.259844,malgenome,0.961610,drebin,1.000000
5,malgenome,0.913133,0.337869,tuandromd,0.979261,malgenome,1.000000
5,kronodroid,0.782851,0.091821,malgenome,0.798529,kronodroid,1.000000
5,tuandromd,0.904675,0.310467,malgenome,0.979261,tuandromd,1.000000
6,kronodroid,0.813256,0.107999,tuandromd,0.827472,kronodroid,1.000000
6,malgenome,0.921772,0.319667,tuandromd,0.973956,malgenome,1.000000
6,drebin,0.903371,0.265940,malgenome,0.969006,drebin,1.000000
6,tuandromd,0.917531,0.306394,malgenome,0.973956,tuandromd,1.000000
7,kronodroid,0.809856,0.115902,malgenome,0.824128,kronodroid,1.000000
7,malgenome,0.916300,0.336025,tuandromd,0.966880,malgenome,1.000000
7,drebin,0.892915,0.265956,malgenome,0.957893,drebin,1.000000
7,tuandromd,0.898814,0.282118,malgenome,0.966880,tuandromd,1.000000
8,kronodroid,0.830928,0.112966,malgenome,0.841063,kronodroid,1.000000
8,drebin,0.925643,0.291267,malgenome,0.985501,drebin,1.000000
8,malgenome,0.934129,0.317061,drebin,0.985501,malgenome,1.000000
8,tuandromd,0.921235,0.278705,malgenome,0.975822,tuandromd,1.000000
9,tuandromd,0.924773,0.275783,malgenome,0.979130,tuandromd,1.000000
9,drebin,0.930993,0.293481,malgenome,0.988440,drebin,1.000000
9,malgenome,0.938393,0.316023,drebin,0.988440,malgenome,1.000000
9,kronodroid,0.837056,0.114714,malgenome,0.847610,kronodroid,1.000000
10,tuandromd,0.902567,0.239788,malgenome,0.951155,tuandromd,1.000000
10,kronodroid,0.847211,0.137854,malgenome,0.869162,kronodroid,1.000000
10,drebin,0.923362,0.295213,malgenome,0.980579,drebin,1.000000
10,malgenome,0.933632,0.327145,drebin,0.980579,malgenome,1.000000
