mode,round,loss,accuracy,precision,recall,f1_score,algo,partition
FedAvg | IID,0,0.7505753261287038,0.364079822616408,0.36530703720304797,0.978391356542617,0.5319843342036553,FedAvg,IID
FedAvg | IID,1,0.06422492365028602,0.9764966740576496,0.9676258992805755,0.9687875150060024,0.9682063587282543,FedAvg,IID
FedAvg | IID,2,0.05351557786062261,0.9796008869179601,0.9746682750301568,0.9699879951980792,0.9723225030084236,FedAvg,IID
FedAvg | IID,3,0.05329842002744355,0.9822616407982262,0.973715651135006,0.978391356542617,0.9760479041916168,FedAvg,IID
FedAvg | IID,4,0.05247423351843513,0.9840354767184035,0.978391356542617,0.978391356542617,0.978391356542617,FedAvg,IID
FedAvg | IID,5,0.047600541965511445,0.9840354767184035,0.978391356542617,0.978391356542617,0.978391356542617,FedAvg,IID
FedAvg | IID,6,0.046106065971933785,0.9844789356984479,0.9854014598540146,0.9723889555822329,0.9788519637462235,FedAvg,IID
FedAvg | IID,7,0.04999181935956037,0.9835920177383592,0.9772182254196643,0.978391356542617,0.9778044391121775,FedAvg,IID
FedAvg | IID,8,0.049480929570334516,0.9840354767184035,0.9738406658739596,0.9831932773109243,0.978494623655914,FedAvg,IID
FedAvg | IID,9,0.05580347299621236,0.9827050997782705,0.9760191846522782,0.9771908763505402,0.9766046790641871,FedAvg,IID
FedAvg | IID,10,0.059701904645416796,0.9844789356984479,0.975,0.9831932773109243,0.9790794979079498,FedAvg,IID
FedAvg | Non-IID (alpha=0.3),0,0.6790655407831568,0.6248337028824834,0.49495733126454616,0.765906362545018,0.6013195098963242,FedAvg,Non-IID (alpha=0.3)
FedAvg | Non-IID (alpha=0.3),1,0.05314781697148957,0.9809312638580931,0.9864532019704434,0.9615846338535414,0.9738601823708206,FedAvg,Non-IID (alpha=0.3)
FedAvg | Non-IID (alpha=0.3),2,0.04450518825130657,0.9844789356984479,0.9854014598540146,0.9723889555822329,0.9788519637462235,FedAvg,Non-IID (alpha=0.3)
FedAvg | Non-IID (alpha=0.3),3,0.05771287502824203,0.9818181818181818,0.9937655860349127,0.9567827130852341,0.9749235474006116,FedAvg,Non-IID (alpha=0.3)
FedAvg | Non-IID (alpha=0.3),4,0.04789715275538057,0.9866962305986696,0.9866666666666667,0.9771908763505402,0.9819059107358263,FedAvg,Non-IID (alpha=0.3)
FedAvg | Non-IID (alpha=0.3),5,0.05453461588119279,0.9866962305986696,0.9914320685434517,0.9723889555822329,0.9818181818181818,FedAvg,Non-IID (alpha=0.3)
FedAvg | Non-IID (alpha=0.3),6,0.059330373589659806,0.9862527716186252,0.9854721549636803,0.9771908763505402,0.9813140446051839,FedAvg,Non-IID (alpha=0.3)
FedAvg | Non-IID (alpha=0.3),7,0.06196906104056111,0.987139689578714,0.9878640776699029,0.9771908763505402,0.9824984912492456,FedAvg,Non-IID (alpha=0.3)
FedAvg | Non-IID (alpha=0.3),8,0.0680522339904842,0.9853658536585366,0.9830917874396136,0.9771908763505402,0.9801324503311258,FedAvg,Non-IID (alpha=0.3)
FedAvg | Non-IID (alpha=0.3),9,0.08474677036353231,0.985809312638581,0.9807923169267707,0.9807923169267707,0.9807923169267707,FedAvg,Non-IID (alpha=0.3)
FedAvg | Non-IID (alpha=0.3),10,0.08046956369994072,0.987139689578714,0.986682808716707,0.978391356542617,0.9825195901145268,FedAvg,Non-IID (alpha=0.3)
FedProx (mu=0.1) | IID,0,0.7248810514113856,0.3964523281596452,0.3795620437956204,0.9987995198079231,0.5500826446280992,FedProx (mu=0.1),IID
FedProx (mu=0.1) | IID,1,0.12846135130346217,0.964079822616408,0.97,0.9315726290516206,0.9503980404164115,FedProx (mu=0.1),IID
FedProx (mu=0.1) | IID,2,0.0748574271699013,0.9751662971175167,0.9814126394052045,0.9507803121248499,0.9658536585365853,FedProx (mu=0.1),IID
FedProx (mu=0.1) | IID,3,0.05951044461844766,0.9796008869179601,0.9804639804639804,0.963985594237695,0.9721549636803875,FedProx (mu=0.1),IID
FedProx (mu=0.1) | IID,4,0.05253559345061459,0.9831485587583149,0.9818181818181818,0.9723889555822329,0.97708082026538,FedProx (mu=0.1),IID
FedProx (mu=0.1) | IID,5,0.05028714383941994,0.9822616407982262,0.9748502994011976,0.9771908763505402,0.9760191846522782,FedProx (mu=0.1),IID
FedProx (mu=0.1) | IID,6,0.046555965007830026,0.9818181818181818,0.9794188861985472,0.9711884753901561,0.9752863170584689,FedProx (mu=0.1),IID
FedProx (mu=0.1) | IID,7,0.04466743795056631,0.9827050997782705,0.9817961165048543,0.9711884753901561,0.9764634882317441,FedProx (mu=0.1),IID
FedProx (mu=0.1) | IID,8,0.04453712179017833,0.9844789356984479,0.9772727272727273,0.9807923169267707,0.9790293588975434,FedProx (mu=0.1),IID
FedProx (mu=0.1) | IID,9,0.043227188729840084,0.9813747228381374,0.9782345828295043,0.9711884753901561,0.9746987951807229,FedProx (mu=0.1),IID
FedProx (mu=0.1) | IID,10,0.04266153165643122,0.9822616407982262,0.9806060606060606,0.9711884753901561,0.9758745476477684,FedProx (mu=0.1),IID
FedProx (mu=0.1) | Non-IID (alpha=0.3),0,0.6909099738243678,0.5161862527716187,0.4101671309192201,0.7070828331332533,0.5191714411635081,FedProx (mu=0.1),Non-IID (alpha=0.3)
FedProx (mu=0.1) | Non-IID (alpha=0.3),1,0.150687185088441,0.9658536585365853,0.9809160305343512,0.9255702280912365,0.9524397776405188,FedProx (mu=0.1),Non-IID (alpha=0.3)
FedProx (mu=0.1) | Non-IID (alpha=0.3),2,0.07543783464248059,0.9773835920177384,0.9791666666666666,0.9591836734693877,0.9690721649484536,FedProx (mu=0.1),Non-IID (alpha=0.3)
FedProx (mu=0.1) | Non-IID (alpha=0.3),3,0.05924361261462756,0.9809312638580931,0.9828850855745721,0.9651860744297719,0.9739551786795881,FedProx (mu=0.1),Non-IID (alpha=0.3)
FedProx (mu=0.1) | Non-IID (alpha=0.3),4,0.051874858337948034,0.9822616407982262,0.9817739975698664,0.9699879951980792,0.9758454106280193,FedProx (mu=0.1),Non-IID (alpha=0.3)
FedProx (mu=0.1) | Non-IID (alpha=0.3),5,0.052841770989271064,0.9787139689578714,0.9851668726823238,0.9567827130852341,0.9707673568818515,FedProx (mu=0.1),Non-IID (alpha=0.3)
FedProx (mu=0.1) | Non-IID (alpha=0.3),6,0.04511313959254063,0.9827050997782705,0.9783132530120482,0.9747899159663865,0.9765484064942874,FedProx (mu=0.1),Non-IID (alpha=0.3)
FedProx (mu=0.1) | Non-IID (alpha=0.3),7,0.04623384755393883,0.9822616407982262,0.98531211750306,0.9663865546218487,0.9757575757575757,FedProx (mu=0.1),Non-IID (alpha=0.3)
FedProx (mu=0.1) | Non-IID (alpha=0.3),8,0.04271282244601727,0.9822616407982262,0.98531211750306,0.9663865546218487,0.9757575757575757,FedProx (mu=0.1),Non-IID (alpha=0.3)
FedProx (mu=0.1) | Non-IID (alpha=0.3),9,0.04441820880555095,0.9822616407982262,0.9841269841269841,0.9675870348139256,0.9757869249394673,FedProx (mu=0.1),Non-IID (alpha=0.3)
FedProx (mu=0.1) | Non-IID (alpha=0.3),10,0.04284945341289671,0.9835920177383592,0.9795180722891567,0.9759903961584634,0.9777510523150932,FedProx (mu=0.1),Non-IID (alpha=0.3)
