mode,round,loss,accuracy,precision,recall,f1_score
IID,0,0.7505753261287038,0.364079822616408,0.36530703720304797,0.978391356542617,0.5319843342036553
IID,1,0.13554304158872618,0.9645232815964523,0.9552599758162031,0.9483793517406963,0.9518072289156626
IID,2,0.07466771636579492,0.9733924611973392,0.9696233292831106,0.957983193277311,0.9637681159420289
IID,3,0.059992939224693835,0.9787139689578714,0.9746070133010882,0.9675870348139256,0.9710843373493976
IID,4,0.05335114090114898,0.9800443458980045,0.9758454106280193,0.9699879951980792,0.9729078868151716
IID,5,0.049683906233553544,0.9809312638580931,0.9770531400966184,0.9711884753901561,0.9741119807344973
IID,6,0.04809876533138448,0.9835920177383592,0.9795180722891567,0.9759903961584634,0.9777510523150932
IID,7,0.04802199202484375,0.9813747228381374,0.9840881272949816,0.9651860744297719,0.9745454545454545
IID,8,0.047586468199139954,0.9844789356984479,0.9761336515513126,0.9819927971188476,0.9790544584081389
IID,9,0.04653510868419251,0.9827050997782705,0.9817961165048543,0.9711884753901561,0.9764634882317441
IID,10,0.04497341578227453,0.9840354767184035,0.9795427196149218,0.9771908763505402,0.9783653846153846
Non-IID (alpha=0.3),0,0.6871432540422004,0.5427937915742794,0.2902542372881356,0.1644657863145258,0.2099616858237548
Non-IID (alpha=0.3),1,0.16367936872788386,0.9583148558758315,0.9755469755469756,0.9099639855942377,0.9416149068322981
Non-IID (alpha=0.3),2,0.07923215287975026,0.9742793791574279,0.976629766297663,0.9531812725090036,0.9647630619684082
Non-IID (alpha=0.3),3,0.06258119605109921,0.9760532150776053,0.9755799755799756,0.9591836734693877,0.9673123486682809
Non-IID (alpha=0.3),4,0.06173114860285809,0.9778270509977827,0.973397823458283,0.9663865546218487,0.9698795180722891
Non-IID (alpha=0.3),5,0.05433054651895707,0.9791574279379157,0.9769417475728155,0.9663865546218487,0.971635485817743
Non-IID (alpha=0.3),6,0.05291320140816337,0.9818181818181818,0.9691943127962085,0.9819927971188476,0.975551580202743
Non-IID (alpha=0.3),7,0.05117573436006838,0.9796008869179601,0.9828220858895705,0.9615846338535414,0.9720873786407767
Non-IID (alpha=0.3),8,0.051255938437759066,0.9818181818181818,0.9852941176470589,0.9651860744297719,0.9751364463311097
Non-IID (alpha=0.3),9,0.050752361304025495,0.9818181818181818,0.9771084337349397,0.9735894357743097,0.9753457606734817
Non-IID (alpha=0.3),10,0.05526407271512101,0.9840354767184035,0.9738406658739596,0.9831932773109243,0.978494623655914
