round,loss,accuracy,precision,recall,f1,bytes_up_MB,bytes_down_MB,bytes_total_MB,cum_MB
1,0.1389901600778103,0.9433474252679825,0.9290809783238441,0.9523659703511367,0.9363662545895536,0.15771484375,0.15771484375,0.3154296875,0.3154296875
2,0.09701527841389179,0.9686923471452993,0.9785976038556785,0.957676135574657,0.9669563554024605,0.15771484375,0.15771484375,0.3154296875,0.630859375
3,0.10341076459735632,0.9714763609905116,0.9751959725037277,0.963467104910249,0.9684788334644654,0.15771484375,0.15771484375,0.3154296875,0.9462890625
4,0.10418904665857553,0.975691555304481,0.9796136864132621,0.9687805423853852,0.9735198654271505,0.15771484375,0.15771484375,0.3154296875,1.26171875
5,0.10186436027288437,0.9787282530827678,0.9804657198714146,0.9738155536841866,0.9765929001557813,0.15771484375,0.15771484375,0.3154296875,1.5771484375
6,0.09608514001592994,0.9811114347492405,0.9780946358380854,0.9799216383127866,0.9786748572825495,0.15771484375,0.15771484375,0.3154296875,1.892578125
7,0.10489777894690633,0.9792949403528238,0.9739213451601195,0.9797605298868158,0.9763824290237393,0.15771484375,0.15771484375,0.3154296875,2.2080078125
8,0.11347300675697625,0.9812349551574905,0.9807405888730713,0.9776543332381332,0.9788929173023739,0.15771484375,0.15771484375,0.3154296875,2.5234375
9,0.12985787214711308,0.9807813481540546,0.982553850078732,0.9740703380863649,0.9779833172208129,0.15771484375,0.15771484375,0.3154296875,2.8388671875
10,0.15143947722390294,0.9819280280576429,0.9828519937442767,0.976520848390911,0.9794026475924804,0.15771484375,0.15771484375,0.3154296875,3.154296875
11,0.1405769397970289,0.9827727604736015,0.9808009935602173,0.980101594367407,0.98023711726692,0.15771484375,0.15771484375,0.3154296875,3.4697265625
12,0.12820684793405235,0.9806575912797499,0.9818999865693255,0.9745133862577844,0.9779244087642281,0.15771484375,0.15771484375,0.3154296875,3.78515625
13,0.1402094487566501,0.9822824244629049,0.9809661173224132,0.9786982888316704,0.9795676002342568,0.15771484375,0.15771484375,0.3154296875,4.1005859375
14,0.13697927491739392,0.9823185277471779,0.9805139448193252,0.9798781120310215,0.9799597829817007,0.15771484375,0.15771484375,0.3154296875,4.416015625
15,0.16856827307492495,0.9827303384634168,0.9803204682077719,0.9801885417718992,0.980031911660826,0.15771484375,0.15771484375,0.3154296875,4.7314453125
16,0.19903926691040397,0.9797048873636186,0.9731113300968889,0.9807460280712897,0.9765237893566515,0.15771484375,0.15771484375,0.3154296875,5.046875
17,0.1844918574206531,0.9805235990549355,0.9741598224297123,0.9817087621257622,0.9775686402670081,0.15771484375,0.15771484375,0.3154296875,5.3623046875
18,0.20289928535930812,0.9800159158944778,0.9763601829493549,0.9783981687836512,0.9770407046860677,0.15771484375,0.15771484375,0.3154296875,5.677734375
19,0.2087859872262925,0.9813849692224915,0.9756716430696821,0.9820751725855478,0.9786287688338999,0.15771484375,0.15771484375,0.3154296875,5.9931640625
20,0.17397667095065117,0.9819946070870252,0.9789661622897644,0.9805834798341226,0.9794775026514758,0.15771484375,0.15771484375,0.3154296875,6.30859375
21,0.19855987885966897,0.9795598012511942,0.9734348339647287,0.9803054565900255,0.9764413827693296,0.15771484375,0.15771484375,0.3154296875,6.6240234375
22,0.21282575861550868,0.9814654236861536,0.9771977234400734,0.9808707758921194,0.9787626512229659,0.15771484375,0.15771484375,0.3154296875,6.939453125
23,0.21023827767930925,0.9814630688371848,0.9774414930078085,0.9805264622362558,0.9787105452624023,0.15771484375,0.15771484375,0.3154296875,7.2548828125
24,0.2326976959593594,0.9791617448532911,0.9714323331451826,0.9803692703116368,0.9755641767681353,0.15771484375,0.15771484375,0.3154296875,7.5703125
25,0.22124491957947612,0.9801056878674238,0.9732122279867581,0.981650304716699,0.9770683732476421,0.15771484375,0.15771484375,0.3154296875,7.8857421875
26,0.20768009684979916,0.9801574273868923,0.9746960514507987,0.9798884217238799,0.9770089260616687,0.15771484375,0.15771484375,0.3154296875,8.201171875
27,0.20555140636861324,0.9820297088548963,0.9757376114107532,0.982943088625816,0.9791554338486779,0.15771484375,0.15771484375,0.3154296875,8.5166015625
28,0.3190957186743617,0.9779654438131485,0.9698942260979121,0.9799404859414363,0.9744619585858995,0.15771484375,0.15771484375,0.3154296875,8.83203125
29,0.22852413915097713,0.979561089120001,0.9727769415445724,0.9800898072563433,0.976143626692575,0.15771484375,0.15771484375,0.3154296875,9.1474609375
30,0.24658788740634918,0.9811681022212856,0.9748943433879272,0.9820751725855478,0.9782566339856835,0.15771484375,0.15771484375,0.3154296875,9.462890625
31,0.22548740496858954,0.9821319000250267,0.9769011507640563,0.9821596432998848,0.9793790846650863,0.15771484375,0.15771484375,0.3154296875,9.7783203125
32,0.3085058373399079,0.9795613255860555,0.9698178735410928,0.9827456195947043,0.9760197514411758,0.15771484375,0.15771484375,0.3154296875,10.09375
33,0.20654709311202168,0.983291235591854,0.9796435757003601,0.9822077534090807,0.9808534283563342,0.15771484375,0.15771484375,0.3154296875,10.4091796875
34,0.19036156916990876,0.9831077095576036,0.9800794460313068,0.9815815000077686,0.9807472910750057,0.15771484375,0.15771484375,0.3154296875,10.724609375
35,0.21242674998939037,0.9849755360051401,0.9833398971675612,0.9828119100064707,0.9830544251163542,0.15771484375,0.15771484375,0.3154296875,11.0400390625
